<?xml version="1.0" encoding="UTF-8"?><rss version="2.0"
	xmlns:content="http://purl.org/rss/1.0/modules/content/"
	xmlns:dc="http://purl.org/dc/elements/1.1/"
	xmlns:atom="http://www.w3.org/2005/Atom"
	xmlns:sy="http://purl.org/rss/1.0/modules/syndication/"
	
	>
<channel>
	<title>
	Comments on: my Poroject webbsitee 26	</title>
	<atom:link href="https://indempty.github.io/2022/04/01/cse-google-az-urlsaiurlhttp-petscareblog-net/feed/" rel="self" type="application/rss+xml" />
	<link>https://indempty.github.io/2022/04/01/cse-google-az-urlsaiurlhttp-petscareblog-net/</link>
	<description></description>
	<lastBuildDate>Sun, 24 Apr 2022 21:46:14 +0000</lastBuildDate>
	<sy:updatePeriod>
	hourly	</sy:updatePeriod>
	<sy:updateFrequency>
	1	</sy:updateFrequency>
	<generator>https://wordpress.org/?v=5.9.3</generator>
</channel>
</rss>
